review,sentiment
"This movie was fantastic! I loved every minute of it. The acting was superb and the plot kept me engaged throughout.",positive
"Terrible film. Complete waste of time and money. The plot was nonsensical and the acting was wooden.",negative
"It was okay, not great but not bad either. Some parts were good, others fell flat.",neutral
"One of the best films I've seen this year! The director's vision was clearly executed and the cinematography was breathtaking.",positive
"I hated this movie so much. The dialogue was cringe-worthy and the special effects looked cheap.",negative
"Mixed feelings about this one. Some scenes were compelling but overall it just didn't come together for me.",neutral
"Absolutely brilliant! The performances were Oscar-worthy and the script was tight and well-paced.",positive
"Awful experience. The theater was uncomfortable and the movie itself was boring and predictable.",negative
"Average at best. Nothing memorable about it, but it passed the time.",neutral
"I was blown away by this film. Everything from the music to the visuals was perfect.",positive
"Don't waste your money on this garbage. The story made no sense and the characters were unlikable.",negative
"Not bad, not great. Just a middle-of-the-road movie that didn't leave much of an impression.",neutral
"Incredible storytelling! I was hooked from the opening scene all the way to the credits.",positive
"Such a disappointment. After all the hype, the movie fell completely flat.",negative
"It has its moments, both good and bad. Overall a mediocre experience.",neutral
"This product exceeded all my expectations! The quality is outstanding.",positive
"Horrible customer service and the product broke after two uses. Stay away!",negative
"The product is fine. Does what it says, nothing more, nothing less.",neutral
"Best purchase I've made all year! Fast shipping and excellent quality.",positive
"Complete ripoff. Not even close to the quality advertised in the photos.",negative
"It's decent for the price. Not amazing but gets the job done.",neutral
"I'm absolutely in love with this product! Will definitely buy again!",positive
"Avoid at all costs. Poor construction and terrible customer support.",negative
"It's an okay product. Some features work well, others not so much.",neutral
"Five stars! Excellent value for money and works perfectly.",positive
"This has to be the worst product I've ever bought. Total waste of money.",negative
"Pretty average. Not worth writing home about, but does what it's supposed to do.",neutral
"Couldn't be happier with this purchase! It's changed my daily routine for the better.",positive
"So frustrated with this company. The product arrived damaged and returns were a nightmare.",negative
"Neither impressed nor disappointed. It's just about what I expected for the price.",neutral